Year,Demand2010,ForcastDemand2010,Demand2015,ForcastDemand2015,Demand2018,ForcastDemand2018
2558,30231,43157,29051,43623,0,0
2559,31809,45530,30218,46947,0,0
2560,33264,47240,31385,48965,0,0
2561,34593,48329,32429,50196,29969,48002
2562,35869,51386,33635,54921,31377,50932
2563,37326,50389,34808,54141,32732,51393
2564,38726,52912,35775,56701,34006,53178
2565,40134,56135,36776,58788,35213,54430
2566,41567,56732,37740,60533,36390,54890
2567,43049,59509,38750,62661,37610,56636
2568,44521,60477,39752,60403,38780,54026
2569,46003,64007,40791,62260,39933,56777
2570,47545,64979,41693,60645,41079,56863
2571,49115,67012,42681,61097,42267,58207
2572,50624,69358,43489,61993,43541,60284
2573,52256,70686,44424,63037,44781,62553
2574,0,0,45438,64052,46054,65262
2575,0,0,46296,64345,47303,67194
2576,0,0,47025,65592,48627,70205
2577,0,0,47854,66965,49921,71562
2578,0,0,48713,68456,51265,73984
2579,0,0,49655,70335,52609,76435
2580,0,0,0,0,53997,77211
